n,median_time_s,repeats,maxdim
500,0.607878,3,1
1000,5.076868,3,1
1500,21.764055,3,1
2000,57.403514,3,1
